Workbook
Name ARPU: 'q1'!$C$5
Name CPA: 'q1'!$C$12
Name MAU: 'q1'!$C$4
Name new_user_percent: 'q1'!$C$7
Name new_users: 'q1'!$C$11
Name NUA_cost: 'q1'!$C$10
Name NUA_percent: 'q1'!$C$6
Name NUA_percent_cost: 'q1'!$C$6
Name revenue: 'q1'!$C$3

Sheet q1
B2: Assumptions
B3: Revenue | C3: 7952000000
B4: MAU | C4: 244000000
B5: ARPU - US & Canada | C5: 32.6
B6: New User Acquisition | C6: 0.07
B7: Newly Acquired Users | C7: 0.1
B9: Calculations
B10: New User Acquisition Cost | C10: =revenue*NUA_percent -> 556640000 | D10: =_xlfn.FORMULATEXT(NUA_cost) -> =revenue*NUA_percent
B11: Total New Users | C11: =MAU*new_user_percent -> 24400000 | D11: =_xlfn.FORMULATEXT(new_users) -> =MAU*new_user_percent
B12: Cost Per Acquired User | C12: =NUA_cost/new_users -> 22.813115 | D12: =_xlfn.FORMULATEXT(C12) -> =NUA_cost/new_users
B14: Objective
B15: Ratio of ARPU to CPA (US & Canada) | C15: =ARPU/CPA -> 1.4290026 | D15: =_xlfn.FORMULATEXT(C15) -> =ARPU/CPA

Sheet q2_viz
B2: Day | C2: 2017 | D2: 2018 | E2: 2017 | F2: 2018
B3: 1 | C3: =COUNTIFS(q2_clean[Active Days],q2_viz!$B3,q2_clean[Year],q2_viz!C$2) -> 1 | D3: =COUNTIFS(q2_clean[Active Days],q2_viz!$B3,q2_clean[Year],q2_viz!D$2) -> 0 | E3: =C3/SUM(C$3:C$30) -> 0.003058104 | F3: =D3/SUM(D$3:D$30) -> 0
B4: 2 | C4: =COUNTIFS(q2_clean[Active Days],q2_viz!$B4,q2_clean[Year],q2_viz!C$2) -> 0 | D4: =COUNTIFS(q2_clean[Active Days],q2_viz!$B4,q2_clean[Year],q2_viz!D$2) -> 0 | E4: =C4/SUM(C$3:C$30) -> 0 | F4: =D4/SUM(D$3:D$30) -> 0
B5: 3 | C5: =COUNTIFS(q2_clean[Active Days],q2_viz!$B5,q2_clean[Year],q2_viz!C$2) -> 4 | D5: =COUNTIFS(q2_clean[Active Days],q2_viz!$B5,q2_clean[Year],q2_viz!D$2) -> 0 | E5: =C5/SUM(C$3:C$30) -> 0.012232416 | F5: =D5/SUM(D$3:D$30) -> 0
B6: 4 | C6: =COUNTIFS(q2_clean[Active Days],q2_viz!$B6,q2_clean[Year],q2_viz!C$2) -> 11 | D6: =COUNTIFS(q2_clean[Active Days],q2_viz!$B6,q2_clean[Year],q2_viz!D$2) -> 0 | E6: =C6/SUM(C$3:C$30) -> 0.033639144 | F6: =D6/SUM(D$3:D$30) -> 0
B7: 5 | C7: =COUNTIFS(q2_clean[Active Days],q2_viz!$B7,q2_clean[Year],q2_viz!C$2) -> 21 | D7: =COUNTIFS(q2_clean[Active Days],q2_viz!$B7,q2_clean[Year],q2_viz!D$2) -> 0 | E7: =C7/SUM(C$3:C$30) -> 0.064220183 | F7: =D7/SUM(D$3:D$30) -> 0
B8: 6 | C8: =COUNTIFS(q2_clean[Active Days],q2_viz!$B8,q2_clean[Year],q2_viz!C$2) -> 48 | D8: =COUNTIFS(q2_clean[Active Days],q2_viz!$B8,q2_clean[Year],q2_viz!D$2) -> 3 | E8: =C8/SUM(C$3:C$30) -> 0.14678899 | F8: =D8/SUM(D$3:D$30) -> 0.0091743119
B9: 7 | C9: =COUNTIFS(q2_clean[Active Days],q2_viz!$B9,q2_clean[Year],q2_viz!C$2) -> 49 | D9: =COUNTIFS(q2_clean[Active Days],q2_viz!$B9,q2_clean[Year],q2_viz!D$2) -> 6 | E9: =C9/SUM(C$3:C$30) -> 0.14984709 | F9: =D9/SUM(D$3:D$30) -> 0.018348624
B10: 8 | C10: =COUNTIFS(q2_clean[Active Days],q2_viz!$B10,q2_clean[Year],q2_viz!C$2) -> 44 | D10: =COUNTIFS(q2_clean[Active Days],q2_viz!$B10,q2_clean[Year],q2_viz!D$2) -> 22 | E10: =C10/SUM(C$3:C$30) -> 0.13455657 | F10: =D10/SUM(D$3:D$30) -> 0.067278287
B11: 9 | C11: =COUNTIFS(q2_clean[Active Days],q2_viz!$B11,q2_clean[Year],q2_viz!C$2) -> 58 | D11: =COUNTIFS(q2_clean[Active Days],q2_viz!$B11,q2_clean[Year],q2_viz!D$2) -> 23 | E11: =C11/SUM(C$3:C$30) -> 0.17737003 | F11: =D11/SUM(D$3:D$30) -> 0.070336391
B12: 10 | C12: =COUNTIFS(q2_clean[Active Days],q2_viz!$B12,q2_clean[Year],q2_viz!C$2) -> 34 | D12: =COUNTIFS(q2_clean[Active Days],q2_viz!$B12,q2_clean[Year],q2_viz!D$2) -> 27 | E12: =C12/SUM(C$3:C$30) -> 0.10397554 | F12: =D12/SUM(D$3:D$30) -> 0.082568807
B13: 11 | C13: =COUNTIFS(q2_clean[Active Days],q2_viz!$B13,q2_clean[Year],q2_viz!C$2) -> 30 | D13: =COUNTIFS(q2_clean[Active Days],q2_viz!$B13,q2_clean[Year],q2_viz!D$2) -> 39 | E13: =C13/SUM(C$3:C$30) -> 0.091743119 | F13: =D13/SUM(D$3:D$30) -> 0.11926606
B14: 12 | C14: =COUNTIFS(q2_clean[Active Days],q2_viz!$B14,q2_clean[Year],q2_viz!C$2) -> 13 | D14: =COUNTIFS(q2_clean[Active Days],q2_viz!$B14,q2_clean[Year],q2_viz!D$2) -> 43 | E14: =C14/SUM(C$3:C$30) -> 0.039755352 | F14: =D14/SUM(D$3:D$30) -> 0.13149847
... B30: 28 | C30: =COUNTIFS(q2_clean[Active Days],q2_viz!$B30,q2_clean[Year],q2_viz!C$2) -> 0 | D30: =COUNTIFS(q2_clean[Active Days],q2_viz!$B30,q2_clean[Year],q2_viz!D$2) -> 0 | E30: =C30/SUM(C$3:C$30) -> 0 | F30: =D30/SUM(D$3:D$30) -> 0
C32: 2017 | D32: 2018
B33: Average DAU | C33: =SUMIFS(q2_clean[Active Days],q2_clean[Year],q2_viz!C2)/28 -> 95.857143 | D33: =SUMIFS(q2_clean[Active Days],q2_clean[Year],q2_viz!D2)/28 -> 145.35714
B34: MAU | C34: =SUM(C3:C30) -> 327 | D34: =SUM(D3:D30) -> 327
B35: DAU / MAU | C35: =C33/C34 -> 0.29314111 | D35: =D33/D34 -> 0.44451726
C37: =MAX(C3:C30) -> 58 | D37: =MAX(D3:D30) -> 46

Sheet q2_clean
A1: Customer ID | B1: Year | C1: Active Days
A2: 61503 | B2: 2017 | C2: 1
A3: 536 | B3: 2017 | C3: 3
A4: 91202 | B4: 2017 | C4: 3
A5: 78320 | B5: 2017 | C5: 3
A6: 59835 | B6: 2017 | C6: 3
A7: 51065 | B7: 2017 | C7: 4
A8: 56275 | B8: 2017 | C8: 4
A9: 48483 | B9: 2017 | C9: 4
A10: 8355 | B10: 2017 | C10: 4
A11: 37520 | B11: 2017 | C11: 4
A12: 14595 | B12: 2017 | C12: 4
A13: 78799 | B13: 2017 | C13: 4
... A655: 61598 | B655: 2018 | C655: 22

Sheet q2_dau_mau
A1: Year | B1: Day | C1: DAU | D1: MAU | E1: DAU/MAU
A2: 2017 | B2: 1 | C2: 94 | D2: 327 | E2: =q2_dau_mau[[#This Row],[DAU]]/q2_dau_mau[[#This Row],[MAU]] -> 0.28746177 | G2: 2017 | H2: =AVERAGEIFS(q2_dau_mau[DAU/MAU],q2_dau_mau[Year],G2) -> 0.29314111
A3: 2017 | B3: 2 | C3: 90 | D3: 327 | E3: =q2_dau_mau[[#This Row],[DAU]]/q2_dau_mau[[#This Row],[MAU]] -> 0.27522936 | G3: 2018 | H3: =AVERAGEIFS(q2_dau_mau[DAU/MAU],q2_dau_mau[Year],G3) -> 0.44451726
A4: 2017 | B4: 3 | C4: 92 | D4: 327 | E4: =q2_dau_mau[[#This Row],[DAU]]/q2_dau_mau[[#This Row],[MAU]] -> 0.28134557
A5: 2017 | B5: 4 | C5: 87 | D5: 327 | E5: =q2_dau_mau[[#This Row],[DAU]]/q2_dau_mau[[#This Row],[MAU]] -> 0.26605505
A6: 2017 | B6: 5 | C6: 94 | D6: 327 | E6: =q2_dau_mau[[#This Row],[DAU]]/q2_dau_mau[[#This Row],[MAU]] -> 0.28746177
A7: 2017 | B7: 6 | C7: 96 | D7: 327 | E7: =q2_dau_mau[[#This Row],[DAU]]/q2_dau_mau[[#This Row],[MAU]] -> 0.29357798
A8: 2017 | B8: 7 | C8: 87 | D8: 327 | E8: =q2_dau_mau[[#This Row],[DAU]]/q2_dau_mau[[#This Row],[MAU]] -> 0.26605505
A9: 2017 | B9: 8 | C9: 102 | D9: 327 | E9: =q2_dau_mau[[#This Row],[DAU]]/q2_dau_mau[[#This Row],[MAU]] -> 0.31192661
A10: 2017 | B10: 9 | C10: 94 | D10: 327 | E10: =q2_dau_mau[[#This Row],[DAU]]/q2_dau_mau[[#This Row],[MAU]] -> 0.28746177
A11: 2017 | B11: 10 | C11: 95 | D11: 327 | E11: =q2_dau_mau[[#This Row],[DAU]]/q2_dau_mau[[#This Row],[MAU]] -> 0.29051988
A12: 2017 | B12: 11 | C12: 104 | D12: 327 | E12: =q2_dau_mau[[#This Row],[DAU]]/q2_dau_mau[[#This Row],[MAU]] -> 0.31804281
A13: 2017 | B13: 12 | C13: 98 | D13: 327 | E13: =q2_dau_mau[[#This Row],[DAU]]/q2_dau_mau[[#This Row],[MAU]] -> 0.29969419
A14: 2017 | B14: 13 | C14: 99 | D14: 327 | E14: =q2_dau_mau[[#This Row],[DAU]]/q2_dau_mau[[#This Row],[MAU]] -> 0.30275229
A15: 2017 | B15: 14 | C15: 79 | D15: 327 | E15: =q2_dau_mau[[#This Row],[DAU]]/q2_dau_mau[[#This Row],[MAU]] -> 0.24159021
... A57: 2018 | B57: 28 | C57: 150 | D57: 327 | E57: =q2_dau_mau[[#This Row],[DAU]]/q2_dau_mau[[#This Row],[MAU]] -> 0.4587156

Sheet q2
B2: Customer ID | C2: Year | D2: 1 | E2: 2 | F2: 3 | G2: 4 | H2: 5 | I2: 6 | J2: 7 | K2: 8 | L2: 9 | M2: 10 | N2: 11 | O2: 12 | P2: 13 | Q2: 14 | R2: 15 | S2: 16 | T2: 17 | U2: 18 | V2: 19 | W2: 20 | X2: 21 | Y2: 22 | Z2: 23 | AA2: 24 | AB2: 25 | AC2: 26 | AD2: 27 | AE2: 28 | AF2: total | AH2: 2017 | AI2: 2018
B3: 82834 | C3: 2017 | D3: 0 | E3: 1 | F3: 0 | G3: 0 | H3: 1 | I3: 0 | J3: 0 | K3: 0 | L3: 0 | M3: 1 | N3: 0 | O3: 0 | P3: 1 | Q3: 1 | R3: 0 | S3: 0 | T3: 0 | U3: 1 | V3: 0 | W3: 1 | X3: 0 | Y3: 1 | Z3: 0 | AA3: 0 | AB3: 0 | AC3: 0 | AD3: 0 | AE3: 0 | AF3: =SUM(q2_raw[[#This Row],[1]:[28]]) -> 8 | AH3: =AVERAGEIFS(q2_raw[total],q2_raw[Year],AH2) -> 8.2079511 | AI3: =AVERAGEIFS(q2_raw[total],q2_raw[Year],AI2) -> 12.446483
B4: 10507 | C4: 2017 | D4: 1 | E4: 0 | F4: 1 | G4: 0 | H4: 0 | I4: 1 | J4: 0 | K4: 0 | L4: 0 | M4: 0 | N4: 0 | O4: 0 | P4: 0 | Q4: 0 | R4: 0 | S4: 0 | T4: 0 | U4: 0 | V4: 0 | W4: 1 | X4: 1 | Y4: 0 | Z4: 1 | AA4: 0 | AB4: 0 | AC4: 0 | AD4: 0 | AE4: 0 | AF4: =SUM(q2_raw[[#This Row],[1]:[28]]) -> 6
B5: 29188 | C5: 2017 | D5: 1 | E5: 0 | F5: 0 | G5: 0 | H5: 1 | I5: 0 | J5: 0 | K5: 1 | L5: 0 | M5: 0 | N5: 0 | O5: 0 | P5: 0 | Q5: 0 | R5: 1 | S5: 0 | T5: 1 | U5: 0 | V5: 0 | W5: 0 | X5: 1 | Y5: 0 | Z5: 0 | AA5: 1 | AB5: 0 | AC5: 1 | AD5: 0 | AE5: 0 | AF5: =SUM(q2_raw[[#This Row],[1]:[28]]) -> 8
B6: 51721 | C6: 2017 | D6: 0 | E6: 1 | F6: 0 | G6: 0 | H6: 0 | I6: 0 | J6: 1 | K6: 0 | L6: 0 | M6: 0 | N6: 0 | O6: 0 | P6: 0 | Q6: 0 | R6: 0 | S6: 0 | T6: 0 | U6: 0 | V6: 0 | W6: 1 | X6: 0 | Y6: 1 | Z6: 0 | AA6: 1 | AB6: 0 | AC6: 1 | AD6: 0 | AE6: 0 | AF6: =SUM(q2_raw[[#This Row],[1]:[28]]) -> 6
B7: 45423 | C7: 2017 | D7: 0 | E7: 0 | F7: 0 | G7: 1 | H7: 0 | I7: 0 | J7: 1 | K7: 0 | L7: 0 | M7: 0 | N7: 0 | O7: 0 | P7: 1 | Q7: 0 | R7: 1 | S7: 0 | T7: 0 | U7: 0 | V7: 1 | W7: 1 | X7: 1 | Y7: 0 | Z7: 1 | AA7: 1 | AB7: 1 | AC7: 0 | AD7: 0 | AE7: 0 | AF7: =SUM(q2_raw[[#This Row],[1]:[28]]) -> 10
B8: 536 | C8: 2017 | D8: 0 | E8: 0 | F8: 0 | G8: 0 | H8: 0 | I8: 0 | J8: 0 | K8: 0 | L8: 1 | M8: 0 | N8: 0 | O8: 1 | P8: 0 | Q8: 0 | R8: 0 | S8: 0 | T8: 0 | U8: 0 | V8: 0 | W8: 0 | X8: 0 | Y8: 0 | Z8: 0 | AA8: 0 | AB8: 0 | AC8: 0 | AD8: 1 | AE8: 0 | AF8: =SUM(q2_raw[[#This Row],[1]:[28]]) -> 3
B9: 56511 | C9: 2017 | D9: 0 | E9: 1 | F9: 1 | G9: 0 | H9: 0 | I9: 0 | J9: 0 | K9: 0 | L9: 0 | M9: 1 | N9: 1 | O9: 0 | P9: 0 | Q9: 0 | R9: 0 | S9: 0 | T9: 1 | U9: 0 | V9: 0 | W9: 0 | X9: 0 | Y9: 0 | Z9: 0 | AA9: 0 | AB9: 1 | AC9: 0 | AD9: 1 | AE9: 0 | AF9: =SUM(q2_raw[[#This Row],[1]:[28]]) -> 7
B10: 40051 | C10: 2017 | D10: 1 | E10: 1 | F10: 0 | G10: 0 | H10: 0 | I10: 1 | J10: 0 | K10: 0 | L10: 1 | M10: 1 | N10: 0 | O10: 0 | P10: 0 | Q10: 0 | R10: 0 | S10: 0 | T10: 1 | U10: 1 | V10: 0 | W10: 0 | X10: 0 | Y10: 0 | Z10: 0 | AA10: 0 | AB10: 0 | AC10: 0 | AD10: 1 | AE10: 1 | AF10: =SUM(q2_raw[[#This Row],[1]:[28]]) -> 9
B11: 92973 | C11: 2017 | D11: 0 | E11: 0 | F11: 1 | G11: 1 | H11: 0 | I11: 1 | J11: 0 | K11: 0 | L11: 0 | M11: 1 | N11: 1 | O11: 0 | P11: 0 | Q11: 0 | R11: 0 | S11: 1 | T11: 0 | U11: 1 | V11: 0 | W11: 1 | X11: 0 | Y11: 1 | Z11: 0 | AA11: 0 | AB11: 1 | AC11: 0 | AD11: 0 | AE11: 0 | AF11: =SUM(q2_raw[[#This Row],[1]:[28]]) -> 10
B12: 87762 | C12: 2017 | D12: 1 | E12: 1 | F12: 0 | G12: 1 | H12: 1 | I12: 1 | J12: 0 | K12: 1 | L12: 0 | M12: 1 | N12: 1 | O12: 1 | P12: 0 | Q12: 1 | R12: 0 | S12: 0 | T12: 0 | U12: 0 | V12: 1 | W12: 0 | X12: 1 | Y12: 0 | Z12: 0 | AA12: 0 | AB12: 1 | AC12: 0 | AD12: 1 | AE12: 0 | AF12: =SUM(q2_raw[[#This Row],[1]:[28]]) -> 14
B13: 26912 | C13: 2017 | D13: 0 | E13: 0 | F13: 0 | G13: 0 | H13: 0 | I13: 0 | J13: 1 | K13: 1 | L13: 0 | M13: 0 | N13: 0 | O13: 0 | P13: 0 | Q13: 0 | R13: 0 | S13: 1 | T13: 1 | U13: 0 | V13: 0 | W13: 1 | X13: 0 | Y13: 0 | Z13: 1 | AA13: 0 | AB13: 0 | AC13: 0 | AD13: 0 | AE13: 0 | AF13: =SUM(q2_raw[[#This Row],[1]:[28]]) -> 6
B14: 76619 | C14: 2017 | D14: 0 | E14: 0 | F14: 0 | G14: 0 | H14: 0 | I14: 0 | J14: 0 | K14: 0 | L14: 0 | M14: 0 | N14: 1 | O14: 0 | P14: 0 | Q14: 1 | R14: 0 | S14: 0 | T14: 0 | U14: 0 | V14: 0 | W14: 1 | X14: 1 | Y14: 0 | Z14: 0 | AA14: 0 | AB14: 0 | AC14: 1 | AD14: 0 | AE14: 0 | AF14: =SUM(q2_raw[[#This Row],[1]:[28]]) -> 5
B15: 15153 | C15: 2017 | D15: 1 | E15: 1 | F15: 0 | G15: 1 | H15: 1 | I15: 1 | J15: 1 | K15: 1 | L15: 1 | M15: 0 | N15: 0 | O15: 1 | P15: 1 | Q15: 0 | R15: 0 | S15: 0 | T15: 0 | U15: 0 | V15: 1 | W15: 0 | X15: 0 | Y15: 0 | Z15: 0 | AA15: 1 | AB15: 0 | AC15: 0 | AD15: 0 | AE15: 0 | AF15: =SUM(q2_raw[[#This Row],[1]:[28]]) -> 12
... B656: 55675 | C656: 2018 | D656: 0 | E656: 0 | F656: 1 | G656: 0 | H656: 1 | I656: 0 | J656: 1 | K656: 1 | L656: 0 | M656: 1 | N656: 0 | O656: 1 | P656: 0 | Q656: 1 | R656: 1 | S656: 1 | T656: 1 | U656: 0 | V656: 0 | W656: 1 | X656: 0 | Y656: 0 | Z656: 0 | AA656: 1 | AB656: 0 | AC656: 0 | AD656: 1 | AE656: 1 | AF656: =SUM(q2_raw[[#This Row],[1]:[28]]) -> 14

Sheet q3
B2: Month of Acquisition | C2: New acquired Customers | D2: 0 | E2: 1 | F2: 2 | G2: 3 | H2: 4 | I2: 5 | J2: 6 | K2: 7 | L2: 8 | M2: 9 | N2: 10 | O2: 11
B3: 42736 | C3: 500 | D3: 500 | E3: 480 | F3: 460 | G3: 450 | H3: 400 | I3: 330 | J3: 200 | K3: 150 | L3: 100 | M3: 90 | N3: 50 | O3: 10
B4: 42767 | C4: 540 | D4: 540 | E4: 500 | F4: 460 | G4: 430 | H4: 300 | I4: 190 | J4: 150 | K4: 100 | L4: 100 | M4: 60 | N4: 20
B5: 42795 | C5: 650 | D5: 650 | E5: 600 | F5: 590 | G5: 550 | H5: 500 | I5: 460 | J5: 300 | K5: 200 | L5: 100 | M5: 50
B6: 42826 | C6: 630 | D6: 630 | E6: 589 | F6: 500 | G6: 470 | H6: 440 | I6: 400 | J6: 300 | K6: 150 | L6: 100
B7: 42856 | C7: 590 | D7: 590 | E7: 570 | F7: 550 | G7: 520 | H7: 500 | I7: 400 | J7: 350 | K7: 290
B8: 42887 | C8: 670 | D8: 670 | E8: 650 | F8: 620 | G8: 540 | H8: 520 | I8: 500 | J8: 370
B9: 42917 | C9: 640 | D9: 640 | E9: 620 | F9: 580 | G9: 550 | H9: 510 | I9: 440
B10: 42948 | C10: 700 | D10: 700 | E10: 670 | F10: 633 | G10: 599 | H10: 550
B11: 42979 | C11: 720 | D11: 720 | E11: 700 | F11: 660 | G11: 590
B12: 43009 | C12: 650 | D12: 650 | E12: 610 | F12: 590
B13: 43040 | C13: 790 | D13: 790 | E13: 760
B14: 43070 | C14: 800 | D14: 800
C15: =SUM(C3:C14) -> 7880 | D15: =SUM(D3:D14) -> 7880 | E15: =SUM(E3:E14) -> 6749 | F15: =SUM(F3:F14) -> 5643 | G15: =SUM(G3:G14) -> 4699 | H15: =SUM(H3:H14) -> 3720 | I15: =SUM(I3:I14) -> 2720 | J15: =SUM(J3:J14) -> 1670 | ... O15: =SUM(O3:O14) -> 10
B17: Month of Acquisition | D17: 0 | E17: 1 | F17: 2 | G17: 3 | H17: 4 | I17: 5 | J17: 6 | K17: 7 | L17: 8 | M17: 9 | N17: 10 | O17: 11
B18: 42736 | C18: {=C3:C14} -> 500 | D18: =D3/$C18 -> 1 | E18: =E3/$C18 -> 0.96 | F18: =F3/$C18 -> 0.92 | G18: =G3/$C18 -> 0.9 | H18: =H3/$C18 -> 0.8 | I18: =I3/$C18 -> 0.66 | J18: =J3/$C18 -> 0.4 | K18: =K3/$C18 -> 0.3 | ... O18: =O3/$C18 -> 0.02
B19: 42767 | C19: 540 | D19: =D4/$C19 -> 1 | E19: =E4/$C19 -> 0.92592593 | F19: =F4/$C19 -> 0.85185185 | G19: =G4/$C19 -> 0.7962963 | H19: =H4/$C19 -> 0.55555556 | I19: =I4/$C19 -> 0.35185185 | J19: =J4/$C19 -> 0.27777778 | K19: =K4/$C19 -> 0.18518519 | ... N19: =N4/$C19 -> 0.037037037
B20: 42795 | C20: 650 | D20: =D5/$C20 -> 1 | E20: =E5/$C20 -> 0.92307692 | F20: =F5/$C20 -> 0.90769231 | G20: =G5/$C20 -> 0.84615385 | H20: =H5/$C20 -> 0.76923077 | I20: =I5/$C20 -> 0.70769231 | J20: =J5/$C20 -> 0.46153846 | K20: =K5/$C20 -> 0.30769231 | ... M20: =M5/$C20 -> 0.076923077
B21: 42826 | C21: 630 | D21: =D6/$C21 -> 1 | E21: =E6/$C21 -> 0.93492063 | F21: =F6/$C21 -> 0.79365079 | G21: =G6/$C21 -> 0.74603175 | H21: =H6/$C21 -> 0.6984127 | I21: =I6/$C21 -> 0.63492063 | J21: =J6/$C21 -> 0.47619048 | K21: =K6/$C21 -> 0.23809524 | L21: =L6/$C21 -> 0.15873016
B22: 42856 | C22: 590 | D22: =D7/$C22 -> 1 | E22: =E7/$C22 -> 0.96610169 | F22: =F7/$C22 -> 0.93220339 | G22: =G7/$C22 -> 0.88135593 | H22: =H7/$C22 -> 0.84745763 | I22: =I7/$C22 -> 0.6779661 | J22: =J7/$C22 -> 0.59322034 | K22: =K7/$C22 -> 0.49152542
B23: 42887 | C23: 670 | D23: =D8/$C23 -> 1 | E23: =E8/$C23 -> 0.97014925 | F23: =F8/$C23 -> 0.92537313 | G23: =G8/$C23 -> 0.80597015 | H23: =H8/$C23 -> 0.7761194 | I23: =I8/$C23 -> 0.74626866 | J23: =J8/$C23 -> 0.55223881
B24: 42917 | C24: 640 | D24: =D9/$C24 -> 1 | E24: =E9/$C24 -> 0.96875 | F24: =F9/$C24 -> 0.90625 | G24: =G9/$C24 -> 0.859375 | H24: =H9/$C24 -> 0.796875 | I24: =I9/$C24 -> 0.6875
B25: 42948 | C25: 700 | D25: =D10/$C25 -> 1 | E25: =E10/$C25 -> 0.95714286 | F25: =F10/$C25 -> 0.90428571 | G25: =G10/$C25 -> 0.85571429 | H25: =H10/$C25 -> 0.78571429
B26: 42979 | C26: 720 | D26: =D11/$C26 -> 1 | E26: =E11/$C26 -> 0.97222222 | F26: =F11/$C26 -> 0.91666667 | G26: =G11/$C26 -> 0.81944444
B27: 43009 | C27: 650 | D27: =D12/$C27 -> 1 | E27: =E12/$C27 -> 0.93846154 | F27: =F12/$C27 -> 0.90769231
B28: 43040 | C28: 790 | D28: =D13/$C28 -> 1 | E28: =E13/$C28 -> 0.96202532
B29: 43070 | C29: 800 | D29: =D14/$C29 -> 1
C30: =SUM(_xlfn.ANCHORARRAY(C18)) -> 7880 | D30: =D15/$C15 -> 1 | E30: =E15/$C15 -> 0.85647208 | F30: =F15/$C15 -> 0.71611675 | G30: =G15/$C15 -> 0.5963198 | H30: =H15/$C15 -> 0.47208122 | I30: =I15/$C15 -> 0.34517766 | J30: =J15/$C15 -> 0.21192893 | K30: =K15/$C15 -> 0.11294416 | ... O30: =O15/$C15 -> 0.0012690355
D32: =SUM(D15:O15)*10 -> 346510
